Name,Image_URL,Real name,First Appearance,Creators,Team Affiliations,Aliases,Base of Operations,Powers,Skills and Abilities,Tools and Weapons
A-Bomb,https://static.wikia.nocookie.net/superheroes/images/2/27/A-Bomb.jpg/revision/latest/scale-to-width-down/180?cb=20170820172047,,"The Incredible Hulk (Vol. 1) #1 (May, 1962)","Stan Lee, Jack Kirby","Avengers, Loners","Whisperer, A-Bomb, Bucky, Hulk",Mobiles,Currently none,"Expert acrobat and hand to hand combatant, Self-taught folk and rock n' roll singer and guitarist, Expert in technology and security hacking",
Abe Sapien,https://static.wikia.nocookie.net/superheroes/images/c/c8/Abe_Sapien.jpg/revision/latest/scale-to-width-down/250?cb=20171015155223,,"Hellboy: Seed of Destruction #1 (Mar, 1994)",Mike Mignola,B.P.R.D.,"Brother Blue, Fishstick, Waterfisher, King Ocean",B.P.R.D. headquarters,"Underwater breathing, Psychometry, Telepathy, aquatically adapted physiology","Genius-level intelligence, Excellent Marksmanship, formidable hand-to-hand combatant",
Abin Sur,https://static.wikia.nocookie.net/superheroes/images/2/26/Abin_Sur.png/revision/latest/scale-to-width-down/250?cb=20150428140108,,"Showcase #22 (September–October, 1959)","John Broome, Gil Kane",,Lagzia,Ungara,Ability to form solid light constructs with his Green Lantern ring,"Green Lantern Training, Strong Willpower",Green Lantern Ring and Power Battery
Adam Monroe,https://static.wikia.nocookie.net/superheroes/images/1/13/Adam_Monroe.jpg/revision/latest?cb=20201001165950,,,,,,,,,
Adam Strange,https://static.wikia.nocookie.net/superheroes/images/e/e0/Adam_Strange.jpg/revision/latest/scale-to-width-down/250?cb=20150318153724,,"Showcase #17 (November, 1958)","Julius Schwartz, Murphy Anderson",,,Earth/Rann,"can see into the whole electromagnetic spectrum, Involuntary teleportation between worlds","Fighting Experience, Archaeologist",
Amazo,https://static.wikia.nocookie.net/superheroes/images/e/ec/Amazo.jpg/revision/latest/scale-to-width-down/220?cb=20191115134451,,,,,,,,,
Aquaman,https://static.wikia.nocookie.net/superheroes/images/3/3b/Aquaman.jpg/revision/latest/scale-to-width-down/250?cb=20240220180022,,"More Fun Comics #73 (November, 1941)","Mort Weisinger, Paul Norris",,"King of the Seven Seas, The Dweller-in-the-Depths, Aquatic Ace, Marine Marvel, Terra Firma",Atlantis,"Marine telepathy that grants the ability to manipulate sea life, Aquatic adapted physiology grants him superhuman strength, endurance, durability, reflexes, agility, dexterity, healing, and senses, Low level hydrokinetic talents (some continuities), Enhanced swimming speed, Able to speak and understand any language on Earth thanks to telepathic abilities",Hand-to-Hand and Spear Fighting Expertise,"Trident, Hook (for a time)"
Archangel,https://static.wikia.nocookie.net/superheroes/images/a/ab/Archangel.jpg/revision/latest/scale-to-width-down/180?cb=20140424204405,,"X-Men (Vol. 1) #1 (September, 1963)","Stan Lee, Jack Kirby",,"Avenging Angel, Archangel, Dark Angel, Death","Salem Centre, New York","Flight, Enhanced strength, Aerial adaptation, Peak physical attributes, Metal wings for flight, speed, and projection of razor sharp feathers (as Archangel), Healing factor",Experience in managing company and fortune,Occasionally uses projectile weapons
Ariel,https://static.wikia.nocookie.net/superheroes/images/5/52/Ariel.jpg/revision/latest?cb=20240318161920,,"Fallen Angels #2 (February, 1987)","Jo Duffy, Kerry Gammill",X-Men,She Who Speaks Like Water Running Across the Stones,"Coconut Grove, Krakoa","Teleportation portals, Telepathic influence","Acting skills, Intensive knowledge of physics",
Atlas,https://static.wikia.nocookie.net/superheroes/images/3/32/Atlas.jpg/revision/latest/scale-to-width-down/250?cb=20240325040211,,"Avengers #21(August, 1965)","Stan Lee, Jack Kirby","Masters of Evil, Thunderbolts, Defenders, Revengers","Power Man, Goliath",Mobile,"Size increasing, Superhuman strength, Ionic energy form, Invulnerability",Fighting Experience,
Azrael,https://static.wikia.nocookie.net/superheroes/images/4/45/Azrael.jpg/revision/latest/scale-to-width-down/250?cb=20230413204745,,"Batman: Sword of Azrael #1 (October, 1992)","Denny O'Neil, Joe Quesada","Sacred Order of Saint Dumas, Batman Family, Black Lantern Corps, Justice League Odyssey","Michael Washington Lane, Batman",Gotham City,Artificially Enhanced Physiology,"Combat Expertise, High Intelligence, Computer Expertise","Special Armored Costume, Flaming Sword"
Bananaman,https://static.wikia.nocookie.net/superheroes/images/3/35/Bananaman.jpg/revision/latest/scale-to-width-down/144?cb=20150205092843,Eric Wimp,,,,,,"Super strength, the muscles of twenty men, and the brains of twenty mussels, Flight, Invulnerability, Breathing in space, Helium-boosted heat finger, Intense stupidity. Also equipped with gadgets: Thermal Banana, Banana Laser Gun, electronic thermal underwear.",,
Bane,https://static.wikia.nocookie.net/superheroes/images/2/2f/Bane.jpg/revision/latest/scale-to-width-down/250?cb=20161018040355,,"Batman: Vengeance of Bane #1 (January, 1993)","Chuck Dixon, Doug Moench, Graham Nolan",,,Mobile,"Venom enhanced strength and durability, Accelerated healing factor","Brilliant military strategist, Trained mercenary, Peak human physical conditioning, Highly skilled hand-to-hand combatant",
Banshee,https://static.wikia.nocookie.net/superheroes/images/8/89/Banshee.jpg/revision/latest/scale-to-width-down/250?cb=20230904160517,,"The X-Men (Vol. 1) #28 (January, 1967)","Roy Thomas, Werner Roth","Interpol, NYPD, Factor Three, X-Men, Generation X, X-Corps, Horsemen of Death",,Krakoa (currently),"Enhanced hearing, Sonic scream, Flight, Immunity to powers of Black Tom Cassidy","Trained Interpol Agent, Police Officer",
Batgirl,https://static.wikia.nocookie.net/superheroes/images/5/50/Batgirl.jpg/revision/latest/scale-to-width-down/250?cb=20230413171925,,"Detective Comics #359 (January, 1967)",,,"Oracle, Amy Beddoes",Gotham City,,"Highly skilled martial artist and detective, Genius-level intellect, Superb computer hacker, Photographic memory","Batarangs, Various Crime-Fighting Tools"
Batman,https://static.wikia.nocookie.net/superheroes/images/0/09/Batman.jpg/revision/latest/scale-to-width-down/250?cb=20230418165713,Bruce Wayne,"Detective Comics (Vol. 1) #27 (May, 1939)","Bob Kane, Bill Finger","Batman Family, Justice League, Wayne Enterprises, Outsiders, Batmen of All Nations, Batman Incorporated","The Dark Knight, The Dark Knight Detective, The Caped Crusader, Matches Malone, Sir Hemingford Grey, Mordecai Wayne, The Insider, Lefty Knox, Minuteman",Gotham City,,"Genius-level intellect, Peak physical and mental conditioning, Master detective, Master martial artist and Master  hand-to-hand combatant","Utilizes high-tech equipment, weapons, and armors"
Beast,https://static.wikia.nocookie.net/superheroes/images/6/6b/Beast.jpg/revision/latest/scale-to-width-down/250?cb=20230904160610,,"X-Men (vol. 1) #1 (September, 1963)","Stan Lee, Jack Kirby",,"Blue Gorilla, Kreature, Mutate #666","Salem Centre, New York","Animal-like physiology, Superhuman strength, speed, stamina, agility, durability, senses, and dexterity, High pain tolerance, Pheromone manipulation, Razor sharp claws and teeth","Genius Level Intellect, Expertise in a number of scientific fields, specializing in genetics","Most times none, though may build some for special missions and occasions"
Ben 10,https://static.wikia.nocookie.net/superheroes/images/e/ec/Ben_10.png/revision/latest/scale-to-width-down/250?cb=20201028085014,,"Ben 10, ""And Then There Were Ten"" (December 27, 2005)","Man of Action (Duncan Rouleau, Joe Casey, Joe Kelly, and Steven T. Seagle)",,,Plumber HQ,Transform into Aliens with Different Super-Powers,"Agile, Experienced Fighter",Omnitrix
Beyonder,https://static.wikia.nocookie.net/superheroes/images/6/64/Beyonder.jpg/revision/latest/scale-to-width-down/250?cb=20181022175642,,"Marvel Super Heroes Secret Wars #1 (May, 1984)","James Shooter, Mike Zeck",,"Frank, Kurami",The Beyond Realm,"Reality Manipulation, Near Omnipotence, Near Omniscience, Near Omnipresense",Super Intelligence,
Big Barda,https://static.wikia.nocookie.net/superheroes/images/7/7c/Big_Barda.jpg/revision/latest/scale-to-width-down/180?cb=20211124010854,,,,,,,,,
Big Daddy,https://static.wikia.nocookie.net/superheroes/images/0/0e/Big_Daddy.png/revision/latest/scale-to-width-down/250?cb=20171207003307,,"Kick-Ass (Vol. 1) #4 (October, 2008)","Mark Millar, John Romita, Jr.",,,New York City,,Skilled in martial arts and using various weapons and firearms,
Binary,https://static.wikia.nocookie.net/superheroes/images/7/79/Binary.jpg/revision/latest/scale-to-width-down/250?cb=20240218044020,,"Captain Marvel (Vol. 10) #34 (December, 2021)","Kelly Thompson, Russell Dauterman",Marvel Family,Carol Danvers,Mobile,"Superhuman strength, speed, stamina, and durability, Energy projection and absorption, Flight",Skilled in unarmed combat,
Bishop,https://static.wikia.nocookie.net/superheroes/images/b/b4/Bishop.jpg/revision/latest/scale-to-width-down/250?cb=20231020144520,,"Uncanny X-Men (Vol. 1) #282 (November, 1991)","Whilce Portacio, Jim Lee","X-Men, O*N*E, Xavier's Security Enforcers, Interpol, The Twelve, X-Treme Sanctions Executive, NYPD, X-Treme X-Men",,Mobile,"Energy absorption and redirection, Superhuman physical attributes, Ability to instinctively know present location",Military training and combat experience,Various guns (sometimes advanced weapons from the future)
Bizarro,https://static.wikia.nocookie.net/superheroes/images/4/44/Bizarro.jpg/revision/latest?cb=20140609225755,,"Superboy (Vol. 1) #68 (October, 1958)","Alvin Schwartz, Otto Binder, George Papp, Joe Shuster [Creator of Superman, Jerry Seigel [Creator of Superman]",,"El-Kal, Kent Clark, Bizarro #1, Superman, Bizarro Clark, Bizarro-Superman, The Phantom",Bizarro World,"Superhuman strength, hearing, and endurance, Super-sonic-speed, Flight, Healing factor, Invulnerability, Freeze vision, spot-light, x-ray, telescopic and microscopic vision, Heat breath and vacuum breath.","Not particularly skilled, though he may be capable of the inverse of Superman's skills",
Black Adam,https://static.wikia.nocookie.net/superheroes/images/7/70/Black_Adam.jpg/revision/latest/scale-to-width-down/250?cb=20170302154549,,The Marvel Family # 1 (December 1945),"Otto Binder, C. C. Beck","Justice Society of America, Injustice Society, The Society, Suicide Squad, Monster Society of Evil, Black Marvel Family","Theo Adam, Mighty Adam, Khem-Adam",Mobile,"The Stamina of Shu, The Speed of Haru, The Strength of Amon, The Wisdom of Zehuti, The Power of Aton, The Courage of Mehen, Longevity",Fighting Experience,
Black Bolt,https://static.wikia.nocookie.net/superheroes/images/1/18/Black_Bolt.jpg/revision/latest/scale-to-width-down/250?cb=20240320160859,,"Fantastic Four (vol. 1) #45 (September, 1965)","Stan Lee, Jack Kirby",,,Attilan,"Sonic scream, Superhuman strength, Flight, Limited telepathy, Ambient electron and atomic particle manipulation","Leadership Experience, Skilled warrior",
Black Canary,https://static.wikia.nocookie.net/superheroes/images/6/6d/Black_Canary.jpg/revision/latest?cb=20240220175817,,"Justice League of America (Vol. 1) #75 (November, 1969)","Dennis O'Neil, Dick Dillin",,Dinah Lance,Star City,Canary Cry,Master Martial Artist,
Black Cat,https://static.wikia.nocookie.net/superheroes/images/7/77/Black_Cat.jpg/revision/latest/scale-to-width-down/250?cb=20231026172513,,"The Amazing Spider-Man #194 (Vol. 1) (July, 1979)","Marv Wolfman, Keith Pollard",,"Felicia Harmon, Felicity Harmon, Leesh, Party Hardy",New York City,"Probability manipulation, Enhanced agility via earrings, Ability to see in various ranges of the electromagnetic spectrum via contact lenses, Above average strength via micro-servos in costume [Formerly: Superhuman strength, speed, agility and endurance, Night vision, Retractable talons]","Expert burglar, Excellent street fighter, Highly skilled martial artist","Retractable claws and grappling hooks, Various specially designed tools"
Black Lightning,https://static.wikia.nocookie.net/superheroes/images/1/17/Black_Lightning.jpg/revision/latest/scale-to-width-down/250?cb=20190423004603,,"Black Lightning (Vol. 1) #1 (April, 1977)","Tony Isabella, Trevor Von Eeden","Outsiders, Justice League",,"Chicago, Illinois","Electricity manipulation, Energy absorption, Force field generation","Expert martial artist, Olympic-level athlete, Peak physical conditioning",
Black Manta,https://static.wikia.nocookie.net/superheroes/images/5/5c/Black_Manta.png/revision/latest?cb=20180907020155,,,,,,,,,
Black Panther,https://static.wikia.nocookie.net/superheroes/images/e/e6/Black_Panther.jpg/revision/latest/scale-to-width-down/250?cb=20240117215932,,"Fantastic Four (Vol. 1) #52 (July, 1966)","Stan Lee, Jack Kirby",,"Luke Charles, Black Leopard, Mr. Okonkwo",Wakanda,"Superhuman senses, Enhanced strength, speed, agility, stamina, durability, healing and reflexes, Alchemical protection against mystical attacks and detection","Skilled hunter, tracker, strategist, politician, inventor, and scientist, Trained acrobat, martial artist and gymnast, Genius-level intellect",
Black Vulcan,https://static.wikia.nocookie.net/superheroes/images/2/20/Black_Vulcan.jpg/revision/latest/scale-to-width-down/180?cb=20160920072314,,,,,,,,,
Black Widow,https://static.wikia.nocookie.net/superheroes/images/a/a8/Black_Widow.jpg/revision/latest/scale-to-width-down/250?cb=20230323034754,,"Tales of Suspense #52 (January, 1964)","Stan Lee, Don Rico, Don Heck",,Yelena Belova,Avengers HQ  S.H.I.E.L.D HQ,Slowed aging process,"Expert martial artist, spy, gymnast, marksman",
Blackout,https://static.wikia.nocookie.net/superheroes/images/8/84/Blackout.jpg/revision/latest/scale-to-width-down/250?cb=20140709190211,,"Blackout #1 (June, 2014)","Frank J. Barbiere, Colin Lorimer",,,No Information,"Invisibility, Intangibility",Fighting Experience,Blackout Suit
Blackwulf,https://static.wikia.nocookie.net/superheroes/images/8/8d/Blackwulf.jpg/revision/latest/scale-to-width-down/180?cb=20240331183600,,,,,,,,,
Blink,https://static.wikia.nocookie.net/superheroes/images/e/eb/Blink.jpg/revision/latest?cb=20231215205522,,"Uncanny X-Men (Vol. 1) #317 (October, 1994) [Marvel Universe versions], X-Men: Alpha #1 (February, 1995) [Age of Apocalypse Version]","Scott Lobdell, Joe Madureira",,,Interdimensional,"Portal Creation,
Dimensional Energy Projection (Disruption by partial teleportation)",Fighting Experience,None (though she can turn her portals into weapons)
Blob,https://static.wikia.nocookie.net/superheroes/images/d/d8/Blob.gif/revision/latest/scale-to-width-down/250?cb=20160205043604,,"X-Men (Vol. 1) #3 (January, 1964)","Stan Lee, Jack Kirby",,Horseman of Bounty,Mutant Town,"Superhuman Durability and Strength, Gravitational Mass Allocation",Fighting Experience,
Boom-Boom,https://static.wikia.nocookie.net/superheroes/images/c/cf/Boom-Boom.jpg/revision/latest/scale-to-width-down/250?cb=20230920164430,,"Secret Wars II #5 (August, 1985)","Jim Shooter, Al Milgrom","New Mutants,X-Men, X-Force, X-Factor, Nextwave","Time Bomb, Boomer, Meltdown",Krakoa,"Plasma ""time bombs""","Fighting experience, Theft",
Booster Gold,https://static.wikia.nocookie.net/superheroes/images/1/11/Booster_Gold.jpg/revision/latest/scale-to-width-down/250?cb=20240220184907,,"Booster Gold (Vol. 1) #1 (February, 1986)",,,,Metropolis,"Utilizes advanced technology allowing flight, energy blasts, force fields, enhanced strength, time-travel, enhanced visual powers and various other abilities Longevity Expert hand-to-hand combatant","Peak Athletic Ability, Fighting Experience","Legion Flight Ring, Power Suit"
Brainiac,https://static.wikia.nocookie.net/superheroes/images/9/96/Brainiac.png/revision/latest/scale-to-width-down/180?cb=20200120123607,,,,,,,,,
Brainiac 5,https://static.wikia.nocookie.net/superheroes/images/3/34/Brainiac_5.jpg/revision/latest/scale-to-width-down/250?cb=20230420020150,,"Action Comics #276 (May, 1961)","Jerry Siegel, Jim Mooney",The Legion of Super-Heroes,"Brainiac, Brainy",The Legion Clubhouse,12 Level Intelligence,Experienced Leader,Legion Flight Ring
Brother Voodoo,https://static.wikia.nocookie.net/superheroes/images/c/c1/Brother_Voodoo.png/revision/latest/scale-to-width-down/180?cb=20230109143508,,,,,,,,,
Bumblebee,https://static.wikia.nocookie.net/superheroes/images/a/ab/Bumblebee.jpg/revision/latest/scale-to-width-down/250?cb=20240220180520,,"Teen Titans (Vol. 1) #45
(December, 1976) [as Karen Beecher],

Teen Titans (Vol. 1) #48 (June, 1977) [as Bumblebee]",,,,San Francisco,"Shrunk to insect-like size. Her solar-powered suit enables her to fly (via bee-like wings), fire sonic force blasts, and unleash electrical 'stings'.",Fighting Experience,
Cannonball,https://static.wikia.nocookie.net/superheroes/images/f/fa/Cannonball.png/revision/latest/scale-to-width-down/250?cb=20230904054534,,"Marvel Graphic Novel #4: The New Mutants (September, 1982)","Chris Claremont, Bob McLeod","X-Men, New Mutants, X-Force, X-Corporation, X-Treme X-Men, XSE, Mutant Liberation Front, Hellions, Hellfire Club, Jean Grey School, Avengers, U.S.Avengers",Samson Guthry,New York City,"Jet propulsion, Ability to create a nigh impenetrable ""blast field"" while in flight",Fighting Experience,
Captain Atom,https://static.wikia.nocookie.net/superheroes/images/f/fa/Captain_Atom.webp/revision/latest/scale-to-width-down/326?cb=20210914001813,,,,,,,,,
Captain Cold,https://static.wikia.nocookie.net/superheroes/images/e/ee/Captain_Cold.jpg/revision/latest?cb=20180124001706,,"Showcase #8 (June, 1957)","John Broome, Carmine Infantino","Injustice League, Rogues, Secret Society of Super Villains, Suicide Squad, Justice League, Legends, Legion of Doom","The Man who Mastered Absolute Zero, Leonard Wynters, Blue Iceman",Central City,,"Master tactician and strategist, Extensive knowledge of cryonics, Skilled marksman",
Captain Hindsight,https://static.wikia.nocookie.net/superheroes/images/4/43/Captain_Hindsight.jpg/revision/latest/scale-to-width-down/250?cb=20101112014058,,,,,,,"Incredible hindsight (formerly), currently powerless",,
Captain Planet,https://static.wikia.nocookie.net/superheroes/images/e/e2/Captain_Planet.jpg/revision/latest/scale-to-width-down/350?cb=20160429064131,,,,,,,,,
Carnage,https://static.wikia.nocookie.net/superheroes/images/f/fb/Carnage.jpg/revision/latest/scale-to-width-down/350?cb=20130220051548,,,,,,,,,
Catwoman,https://static.wikia.nocookie.net/superheroes/images/f/f1/Catwoman.jpg/revision/latest?cb=20231026170842,,"Batman #404 (February, 1987)",,,"The Cat, Irena Dubrovna",Gotham City,,"Skilled Martial Artist, Acrobat Level Agility, Whip Mastery, Master Thief","Whip, Clawed Gloves"
Chamber,https://static.wikia.nocookie.net/superheroes/images/5/57/Chamber.jpg/revision/latest?cb=20230913210426,,Generation X (Vol. 1) #1 (November 1994),"Scott Lobdell, Chris Bachalo","New Warriors, Clan Akkaba, Generation X, X-Men, Weapon X, Jean Grey School",Decibel,New York City,"Possesses a furnace of psionic energy in chest, Telepathy, Created solidified sound constructs [formerly]",Fighting Experience,
Claire Bennet,https://static.wikia.nocookie.net/superheroes/images/0/0f/Claire_Bennet.jpg/revision/latest/scale-to-width-down/250?cb=20141123200836,,"Heroes, ""Genesis"" (September 25, 2006)",Tim Kring,,"Vivian Lewis, Claire Butler, Bonnie Monaco, Claire Petrelli, Alice Shaw","Odessa, Texas",Accelerated healing factor,Cheerleading Training,
Clayface,https://static.wikia.nocookie.net/superheroes/images/9/95/Clayface.jpg/revision/latest/scale-to-width-down/180?cb=20150626125412,,,,,,,,,
Cloak,https://static.wikia.nocookie.net/superheroes/images/5/56/Cloak.jpg/revision/latest/scale-to-width-down/250?cb=20240401033335,,"Peter Parker, the Spectacular Spider-Man #64 (March, 1982)","Bill Mantlo, Ed Hannigan",,,New York City,"Teleportation, Intangibility, Ability to link to the ""Darkforce Dimension""",Fighting Experience,"Cloak (if removed, he becomes weakened)"
Concrete,https://static.wikia.nocookie.net/superheroes/images/4/44/Concrete.jpg/revision/latest/scale-to-width-down/250?cb=20150121124302,,"Dark Horse Presents (Vol. 1) #1 (July, 1986)",Paul Chadwick,,,Mobile,"Thick, hard concrete like skin",Professional Writer,
Crystal,https://static.wikia.nocookie.net/superheroes/images/e/ed/Crystal.jpg/revision/latest/scale-to-width-down/250?cb=20240220042722,,Fantastic Four (Vol. 1) #45 (December 1965),"Stan Lee, Jack Kirby",,Elementelle,Attilan,"Enhanced Reflexes, Strength, Speed and Endurance, Hydrokinesis, Pyrokinesis, Aerokinesis, Geokinesis",Hand To Hand Combat training and experience,
Cyborg,https://static.wikia.nocookie.net/superheroes/images/6/64/Cyborg.jpg/revision/latest/scale-to-width-down/250?cb=20240220192247,,"DC Comics Presents #26 (October, 1980)","Marv Wolfman, George Pérez","Teen Titans, Titans, Justice League",,Mobile,"Cybernetic super strength, Invulnerability, Technopathy, Sonic blasts","Expert hand-to-hand combatant, Genius level intelligence",
Cyborg Superman,https://static.wikia.nocookie.net/superheroes/images/f/f4/Cyborg_Superman.jpg/revision/latest/scale-to-width-down/180?cb=20210914005918,,,,,,,,,
Cyclops,https://static.wikia.nocookie.net/superheroes/images/4/44/Cyclops.jpg/revision/latest?cb=20230822173705,,X-Men #1 (September 1963),"Stan Lee, Jack Kirby",,"Captain Krakoa, Dark Phoenix, Erik the Red, Mutate #007, Phoenix, Slim, Slym Dayspring","The Treehouse (currently), Xavier's School for Gifted Youngsters (Formerly, former Weapon X base, formerly in Salem Centre, New York), San Francisco (formerly), Utopia (formerly)","Optic Blasts, Immunity to Brothers' Powers","Heightened Spatial Awareness (from training), Gifted Leader and Strategist",Ruby Quartz Visor
Dagger,https://static.wikia.nocookie.net/superheroes/images/1/1c/Dagger.jpg/revision/latest/scale-to-width-down/250?cb=20240401033133,,"Peter Parker, the Spectacular Spider-Man #64 (March 1982)","Bill Mantlo, Ed Hannigan","Cloak and Dagger, X-Men, Dark X-Men, Secret Avengers, New Warriors, Secret Defenders, Marvel Knights, Seven Brides of Set, The Assembly of Evil","Lady Light, Cloak",New York City,Lightforce Generation,Fighting Experience,
Daredevil,https://static.wikia.nocookie.net/superheroes/images/7/7f/Daredevil.jpg/revision/latest/scale-to-width-down/250?cb=20231215174542,,"Daredevil #1 (April, 1964)","Stan Lee, Bill Everett",,"Mike Murdock (for a brief time when he pretended to be his own twin brother),  Jack Batlin, Kingpin of Crime, Laurent LeVasseur, Scarlet Swashbuckler, Nameless One, Kingpin of Hell's Kitchen, The Man Without Fear, The Guardian Devil, DD, Red, The Daredevil, Hornhead, Cooper Peyton, formerly Captain Universe, Scarlet Avenger","Hell's Kitchen, New York City","Heightened Senses, RADAR sense","Excellent athlete, Detective Expertise, Marksmanship Expertise, Master martial artist, high-level gymnast and acrobat",Billy Club Disguised as a Cane (which also acts as a rope for swinging)
Darkhawk,https://static.wikia.nocookie.net/superheroes/images/d/d6/Darkhawk.jpg/revision/latest/scale-to-width-down/250?cb=20240401031808,,"Darkhawk #1 (January, 1991)","Tom DeFalco, Mike Manly","Avengers, New Warriors",Falconer,New York City,"Superhuman strength, Invulnerability, Flight, Forcefield projection, Dark energy blasts",Skilled combatant,
Darkman,"data:image/gif;base64,R0lGODlhAQABAIABAAAAAP///yH5BAEAAAEALAAAAAABAAEAQAICTAEAOw%3D%3D",,"""Darkman"" (August 24, 1990)",Sam Raimi,,,No information,"Adrenaline-Superhuman Strength, Resistance to Pain","Brilliant Scientist, Master of Disguise, Street Fighting Experience",
Darkseid,https://static.wikia.nocookie.net/superheroes/images/4/45/Darkseid.jpg/revision/latest/scale-to-width-down/250?cb=20161114034636,,"Superman's Pal Jimmy Olsen #134 (November, 1970) [cameo], Forever People #1 (February, 1971) [Full appearance]",Jack Kirby,,"Boss Dark Side, Lucifer, Hades, Blackheart the Deatheater, God of Evil, Lord of Apokolips",Apokolips,"Superhuman strength, speed, and durability, Flight, Energy and mass manipulation, Telekinesis, Omnipotence, Omnipresence, Invulnerability, Teleportation, Time travel, Immortality, Omega powers, including projection of Omega beams, Avatar creation, Energy absorption","Super Intelligence, Master Strategist, Planetary Leadership",
Dazzler,https://static.wikia.nocookie.net/superheroes/images/c/ca/Dazzler.jpg/revision/latest?cb=20230625033819,,"Uncanny X-Men #130 (February, 1980)","Tom DeFalco, John Romita, Jr., Louise Simonson, Roger Stern","Gladiators, New Excalibur, The 198, S.H.I.E.L.D., X-Men, Wildways Rebellion",,New York City (though is often on tour),Ability to convert sound into light beams of various forms and intensity,"Highly skilled athlete, Trained singer, actress, and dancer, Highly accomplished roller-skater",
Deadpool,https://static.wikia.nocookie.net/superheroes/images/b/b9/Deadpool.jpg/revision/latest/scale-to-width-down/200?cb=20240326223226,,"New Mutants (Vol. 1) #98 (February, 1991)","Fabian Nicieza, Rob Liefeld","Thunderbolts, X-Force, Agency X, Deadpool Corps., Great Lakes Initiative, Weapon X, Landau, Luckman, and Lake, Maggia, Frightful Four, Secret Defenders, Heroes for Hire, Six Pack, X-Men","Merc with a Mouth, Jack, Wade T. Wilson, Mithras, Johnny Silvini, Thom Cruz (when confused for Tom Cruise after a magic spell restores his face), Hulkpool (after turned into a hulk), Wildcard",Nomadic,"Accelerated Healing Factor, Extended longevity, Immunity to telepathy, teleportation (aided by machine), holographic disguise (aided by machine), Superhuman stamina, agility, flexibility and reflexes, may or may not be aware of the world beyond the fourth wall (IE, might know he is fictional)",,
Deadshot,https://static.wikia.nocookie.net/superheroes/images/a/ac/Deadshot.jpg/revision/latest/scale-to-width-down/250?cb=20141113132728,,"Batman (Vol. 1) #59 (June/July, 1950)","Bob Kane, David Vern Reed, Lew Schwartz",,,Mobile,Increased Accuracy due to cybernetic eye,"Master tactician, Skilled hand-to-hand combatant, Uncanny marksmanship",
Deathlok,https://static.wikia.nocookie.net/superheroes/images/f/f9/Deathlok.jpg/revision/latest/scale-to-width-down/180?cb=20180830001647,,,,,,,,,
Doc Samson,https://static.wikia.nocookie.net/superheroes/images/4/4d/Doc_Samson.jpg/revision/latest/scale-to-width-down/250?cb=20140926030911,,"Incredible Hulk (Vol. 1) #141 (July, 1971)","Roy Thomas, Herb Trimpe",,"Dr. Leonard ""Leo"" Skivorski Jr. (Birth name), Samson",Mobile,"Superhuman strength, stamina, durability and resistance to injury, Great leaping ability, Immunity to Earthly diseases, Resistance to telepathy","Genius psychiatrist, Highly skilled hand to hand combatant, Skilled theoretical technician and inventor",
Doctor Doom,https://static.wikia.nocookie.net/superheroes/images/f/fc/Doctor_Doom.jpg/revision/latest/scale-to-width-down/180?cb=20210112135949,,,,,,,,,
Doctor Strange,https://static.wikia.nocookie.net/superheroes/images/5/55/Doctor_Strange.jpg/revision/latest/scale-to-width-down/344?cb=20240321184948,,,,,,,,,
Donatello,https://static.wikia.nocookie.net/superheroes/images/1/11/Donatello.jpg/revision/latest/scale-to-width-down/250?cb=20140909173320,,"Teenage Mutant Ninja Turtles (Vol. 1) #1 (May, 1984)","Kevin Eastman, Peter Laird",,,New York City,Half-Human/Half-Turtle,"Highly skilled in ninjutsu, Olympic-level agility, speed, and strength, Master of stealth, Genius-level intellect, Expert in various fields of science and engineering, Mastery of bōjutsu and kobudō, Chi Gong",Bo Staff
Doomsday,https://static.wikia.nocookie.net/superheroes/images/4/40/Doomsday.png/revision/latest/scale-to-width-down/238?cb=20200202212018,,,,,,,,,
Dormammu,https://static.wikia.nocookie.net/superheroes/images/8/85/Dormammu.jpg/revision/latest/scale-to-width-down/300?cb=20140111025424,,Strange Tales #126 (Nov. 1964),"Stan Lee, Steve Ditko",,The Dread Dormammu,The Dark Dimension,Seemingly countless magic powers,,
Elastigirl,https://static.wikia.nocookie.net/superheroes/images/d/d3/Elastigirl.jpg/revision/latest/scale-to-width-down/250?cb=20101108015713,Helen Parr,"""The Incredibles"" (October 24, 2004)",,,,Metroville,Elasticity,"Experienced Fighter, Experienced Mother",
Elektra,https://static.wikia.nocookie.net/superheroes/images/7/74/Elektra.jpg/revision/latest?cb=20140516220341,,,,,,,,,
Elongated Man,https://static.wikia.nocookie.net/superheroes/images/f/fc/Elongated_Man.jpg/revision/latest/scale-to-width-down/180?cb=20231226193037,,,,,,,,,
Etrigan,https://static.wikia.nocookie.net/superheroes/images/c/cf/Etrigan.jpg/revision/latest/scale-to-width-down/180?cb=20140501215235,,,,,,,,,
Falcon,"data:image/gif;base64,R0lGODlhAQABAIABAAAAAP///yH5BAEAAAEALAAAAAABAAEAQAICTAEAOw%3D%3D",,"Captain America #117
(September, 1969)","Stan Lee, Gene Colon","The Avengers, SHIELD, Heroes for Hire, ""Defender for a Day""","Snap Wilson, Blackwing, Blackbird, Captain America",New York City,"Flight, Telepathic Communication with Redwing, See Through the Eyes of Birds",Skilled Gymnast and Martial Artist,Flight Suit
Feral,https://static.wikia.nocookie.net/superheroes/images/9/96/Feral.jpg/revision/latest/scale-to-width-down/250?cb=20230914022222,,"New Mutants #99 (January, 1991)","Rob Liefeld, Fabian Nicieza","X-Force, X-Men, X-Corp, Morlocks",Kitten,Krakoa,"Feline senses, Retractable claws, Night vision, Cat-like speed and agility",Fighting Experience,
Fire,https://static.wikia.nocookie.net/superheroes/images/9/95/Fire.jpg/revision/latest/scale-to-width-down/250?cb=20230802232257,,"Super Friends (Vol. 1) #25 (October, 1979) [out of continuity], Infinity, Inc. (Vol. 1) #32 (November, 1986) [in continuity]","E. Nelson Bridwell, Ramona Fradon",,"B. B. da Costa, Green Fury, Green Flame, Black King's Knight",Mobile,"Green Pyrokinesis, Ability to become a being purely composed of living green fire",Fighting Experience,
Firebird,https://static.wikia.nocookie.net/superheroes/images/8/8a/Firebird.jpg/revision/latest/scale-to-width-down/250?cb=20240321181605,,"Incredible Hulk #265 (August, 1981)","Bill Mantlo, Sal Buscema","Avengers, Rangers, Secret Defenders","La Espirita, Firemaiden","Buena Vista, New Mexico","Pyrokinesis, Flight, Radiation Immunity, Immortality","Psychology, Fighting experience",
Firestar,https://static.wikia.nocookie.net/superheroes/images/9/9c/Firestar.jpg/revision/latest/scale-to-width-down/250?cb=20230822173213,,"Uncanny X-Men (Vol. 193) #1 (May, 1985)","Chris Claremont, John Romita Jr.",,Lady Comet,Krakoa,"Microwave manipulation, heat blasts, flight, electromagnetic disruption, flight",Fighting experience,
Flash,https://static.wikia.nocookie.net/superheroes/images/2/24/Flash.jpg/revision/latest/scale-to-width-down/250?cb=20230414171827,,"Showcase #4 (October, 1956)","Robert Kanigher, John Broome, Carmine Infantino",,,Central City,"Super speed, agility, reflexes, Superhuman durability, Molecular density control, Time travel, Cyclone and whirlwindgeneration, Speed theft, Frictionless aura, Healing factor, Intangibility","Fighting Experience, Police Science Expertise and Skilled Hand-to-hand combatant","Ring (Holds Costume), Cosmic Treadmill (can be used to time travel)"
Frigga,https://static.wikia.nocookie.net/superheroes/images/7/7a/Frigga.jpg/revision/latest/scale-to-width-down/250?cb=20170711134512,,"Journey into Mystery #92 (May, 1963)","Stan Lee, Robert Bernstein, Joe Sinnott","Congress of Worlds, Galactic Council, All-Mother of Asgardia, Gods of Asgard, Vanir; formerly Lost Gods","All-Mother Freyja, Frig, Frijja, Fricka, Freda Barker, Freya, Queen Mother, Freyja All-Slave",Asgard,"Super Strength, Super Speed, Magic, All-Speak","Strong Leader, Master of Magic",
Galactus,https://static.wikia.nocookie.net/superheroes/images/1/18/Galactus.webp/revision/latest/scale-to-width-down/180?cb=20221228020152,,,,,,,,,
Gambit,https://static.wikia.nocookie.net/superheroes/images/a/ac/Gambit.jpg/revision/latest/scale-to-width-down/250?cb=20230904172233,,"Uncanny X-Men Annual #14 (July, 1990)[cameo], Uncanny X-Men #266 (August, 1990) [in full]","Chris Claremont, Jim Lee",,"Le Diable Blanc, Robert Lord, Death, Ragin' Cajun","Salem Centre, New York","Control and manipulation of potential energy and kinetic energy, Transmutation of substances into acid or poison [formerly]","Fighting Expertise, High Charisma, Staff Fighting Expertise, Excellent Card player and can throw cards with ease, master thief","Playing Cards, Bo Staff"
Gamora,https://static.wikia.nocookie.net/superheroes/images/d/da/Gamora.jpg/revision/latest/scale-to-width-down/250?cb=20180929223610,,"Strange Tales #180 (June, 1975) [as Gamora], Infinity Wars Prime #1 (September, 2018) [as Requiem]",Jim Starlin,"Guardians of the Galaxy; formerly Nova Corps, Red Team, minion of Thanos, ally of Adam Warlock and Pip the Troll; formerly Infinity Watch, Graces (leader), United Front, Phalanx's Selects","Bambi Long, Gammy, Green Assassin Lady, Most Dangerous Woman in the Galaxy, Nova, Requiem",Mobile,Enhanced Physiology,"Master Martial Artist, Master Assassin, Weapons Master, Expert Marksman, Master Tactician and Strategist, Master Acrobat",
General Zod,https://static.wikia.nocookie.net/superheroes/images/0/06/General_Zod.png/revision/latest/scale-to-width-down/180?cb=20220510005108,,,,,,,,,
Goblin Queen,https://static.wikia.nocookie.net/superheroes/images/2/2d/Goblin_Queen.jpg/revision/latest/scale-to-width-down/180?cb=20240107172237,,"Uncanny X-Men #168 (January, 1983)","Chris Claremont, Paul Smith","Hellfire Club, Sisterhood of Mutants, Dark X-Men","Anodyne, Goblin Queen, Black Rook, Red Queen",Limbo,"Telepathy, Telekinesis, Teleportation, Psionic Energy Absorption, Magic","Skilled hand-to-hand combatant, trained pilot, sorcery",Soul Scythe
Godzilla,https://static.wikia.nocookie.net/superheroes/images/c/cf/Godzilla.jpg/revision/latest/scale-to-width-down/250?cb=20101108015936,,,,,,,"Immense size, atomic breath",,
Goku,https://static.wikia.nocookie.net/superheroes/images/a/a6/Goku.webp/revision/latest?cb=20210312170427,,,,,,,,,
Gorilla Grodd,https://static.wikia.nocookie.net/superheroes/images/6/69/Gorilla_Grodd.jpg/revision/latest/scale-to-width-down/180?cb=20180501140356,,,,,,,,,
Green Goblin,https://static.wikia.nocookie.net/superheroes/images/1/15/Green_Goblin.jpg/revision/latest/scale-to-width-down/250?cb=20150823152735,,"The Amazing Spider-Man (Vol. 1) #14 (July, 1964)","Stan Lee, Steve Ditko",,"Iron Patriot, Goblin King, Mason Banks",New York City,"Superhuman strength, durability, stamina, speed, agility and reflexes, accelerated healing factor, enhanced intelligence","Genius-level intellect, skilled hand-to-hand combatant","Goblin Glider, Pumpkin Bombs, Goblin Glove, Bat Blade"
Guy Gardner,https://static.wikia.nocookie.net/superheroes/images/b/b5/Guy_Gardner.jpg/revision/latest/scale-to-width-down/250?cb=20230423221357,,"Green Lantern (Vol. 2) #59
(March, 1968)","John Broome, Gil Kane",,,Oa,"Wielding Green Lantern, which can create hard light matter constructs [as Green Lantern] Super Strength, shape-shifting weapons construction, energy blasts and energy absorption, healing factor, and vital organ regeneration [as Warrior]",Experienced Fighter,"Green Lantern Ring, Sapphire Lantern Ring [formerly], Red Lantern Ring [formerly], Yellow Lantern Ring [Formerly]"
Havok,https://static.wikia.nocookie.net/superheroes/images/1/1b/Havok.jpg/revision/latest/scale-to-width-down/250?cb=20230822173605,,"Uncanny X-Men (Vol. 1) #54 (March, 1969)","Arnold Drake, Don Heck",,"Mutant X, Magistrate Summers, Goblin Prince",Mobile,Plasma wave blasts,Fighting and leadership experience,
Hawk,https://static.wikia.nocookie.net/superheroes/images/1/1f/Hawk.jpg/revision/latest?cb=20140823200857,,"Showcase #75 (June, 1968) [as Hawk], Armageddon 2001 #1 (May, 1991), Zero Hour #4 (September, 1994)","Steve Ditko, Steve Skeates, Archie Goodwin [Monarch/Extant], Denny O'Neil [Monarch/Extant], Dan Jurgens [Monarch/Extant]",,"Monarch, Extant",No information,"Superhuman strength, durability, stamina, speed, agility and reflexes, Heat vision and Invulnerability, Time travel [as Extant], Chronokinesis [as Extant], Energy Blasts [as Extant], Flight [as Extant], Omniscience [as Extant]",Fighting Experience,
Hawkeye,https://static.wikia.nocookie.net/superheroes/images/a/ad/Hawkeye.jpg/revision/latest/scale-to-width-down/180?cb=20121004171422,,"Tales of Suspense #57 (September, 1964)","Stan Lee, Don Heck",,,New York City,,"Uncanny Archer, Skilled Martial Artist, Skilled Acrobat, Exceptional Arm Strength, Experienced Pilot, Marksman, Swordsman, Master Tactitian","Bow, Arrows, Various Trick Arrows, Bow Staff"
Hawkman,https://static.wikia.nocookie.net/superheroes/images/f/f5/Hawkman.jpg/revision/latest/scale-to-width-down/250?cb=20230418165223,,"Flash Comics (Vol. 1) #1 (January, 1940)","Gardner Fox, Dennis Neville",,,Midway City,"Flight, Memories of Past Lives, Enhanced strength and eyesight
Temperature regulation
Limited physical regeneration

Reincarnation","Fighting Experience, Experienced Flyer","Nth Metal Wings, Nth Metal Mace, Nth Metal Armor"
Hela,https://static.wikia.nocookie.net/superheroes/images/3/3d/Hela.jpg/revision/latest/scale-to-width-down/250?cb=20180202165709,,"Journey into Mystery #102 (March, 1964)","Stan Lee, Jack Kirby","Hell-Lords, Death Gods","The Death Queen, Mistress of the Darkness, Miss Halja",Hel,"Superhuman strength, stamina, and durability, Black magic, Telepathy, Life expansion, Reincarnation, Teleportation, Deadly touch (Hand of Glory), High level mystical powers","Master of Magic, Fighting Experience, Master Strategist",
Hellboy,https://static.wikia.nocookie.net/superheroes/images/9/9d/Hellboy.jpg/revision/latest/scale-to-width-down/180?cb=20111217170557,,,Mike Mignola,B.P.R.D.,"World Destroyer, Great Beast, Beast of the Apocalypse, Right Hand of Doom, Son of the Fallen One, Brother Red, Red, Man-Beast, Mane","Hell, Mobile (formerly), B.P.R.D. headquarters (formerly)","Superhuman strength and endurance, Healing factor, Longevity, Innate capability to comprehend magical languages, Immunity to fire and lightning, The Right Hand of Doom",Expert Monster Fighter and Paranormal Investigator,
Hellcat,https://static.wikia.nocookie.net/superheroes/images/8/8f/Hellcat.jpg/revision/latest/scale-to-width-down/250?cb=20140630233958,,"Miss America Magazine #2 (November, 1944) [as Patsy Walker], The Avengers (vol. 1) #144 (February, 1976) [as Hellcat]",,"Defenders, Avengers, Lady Liberators, Legion of the Unliving",,New York City,"Telekinesis, Psychic resistance, Retractable claws",Well-trained Martial Artist,Wrist-mounted grappling hook
Hercules,https://static.wikia.nocookie.net/superheroes/images/a/a2/Hercules.jpg/revision/latest/scale-to-width-down/258?cb=20150123081313,,,,,,,,,
Hit-Girl,https://static.wikia.nocookie.net/superheroes/images/a/a2/Hit-Girl.png/revision/latest/scale-to-width-down/250?cb=20140727193552,,"Kick-Ass #3 (July, 2008)","Mark Millar, John Romita, Jr.",,,New York City,,Trained as a world-class assassin and martial artist,
Hobgoblin,https://static.wikia.nocookie.net/superheroes/images/2/2b/Hobgoblin.jpg/revision/latest/scale-to-width-down/380?cb=20171022180525,,,,,,,,,
Hollow,https://static.wikia.nocookie.net/superheroes/images/d/dc/Hollow.jpg/revision/latest/scale-to-width-down/250?cb=20230828035655,,"Generation X #1 (November, 1994) [Monet as Penance], Generation X (Vol. 1) #40 (July, 1998) [Twins as Penance], Generation X (Vol. 1) #57 (November, 1999) [as Third Penance]","Scott Lobdell, Chris Bachalo","Loners, Avengers Academy, Generation X",Penance,Currently unknown,"Ultra-Dense Molecular Structure, Invulnerability, Telepathic Resistance, Enhanced Durability, Razor Claws, Light Absorption",Fighting Experience,
Hope Summers,https://static.wikia.nocookie.net/superheroes/images/2/27/Hope_Summers.jpg/revision/latest/scale-to-width-down/200?cb=20240329153119,,"X-Men (Vol. 2) #205 (November, 2007)","Mike Carey, Ed Brubaker, Peter David, Chris Yost, Craig Kyle","X-Men, X-Force","White Phoenix, Mutant Messiah",Krakoa,"Mutant power mimicry, Mutant power activation, Telepathy, Telekinesis, Pryokinesis","Fighting experience, Skilled sharpshooter",Guns
Husk,https://static.wikia.nocookie.net/superheroes/images/0/00/Husk.jpg/revision/latest/scale-to-width-down/250?cb=20230913232744,,"Rom Annual #3 (September, 1984)","Bill Mantlo, William Johnson","Generation X, X-Men, Jean Grey School",Hayseed,Krakoa,Sheds her skin to reveal a body composed of various substances like steel or diamonds,Fighting Experience,
Hydro-Man,https://static.wikia.nocookie.net/superheroes/images/f/f7/Hydro-Man.jpg/revision/latest/scale-to-width-down/231?cb=20141017165100,,,,,,,,,
Iceman,https://static.wikia.nocookie.net/superheroes/images/b/b3/Iceman.jpg/revision/latest/scale-to-width-down/250?cb=20230904164546,,"X-Men (Vol. 1) #1 (September, 1963)","Stan Lee, Jack Kirby",,"Frosty, Iceheart","Westchester, New York","Cryokinesis, organic ice form",Fighting experience,
Impulse,https://static.wikia.nocookie.net/superheroes/images/7/71/Impulse.jpg/revision/latest/scale-to-width-down/250?cb=20230415190854,,"The Flash #91 (June 1994) [cameo], The Flash #92 (July 1994) [full appearance], Teen Titans (Vol. 3) #4 (December, 2003) [as Kid Flash], The Flash: The Fastest Man Alive #1 (May, 2006) [as the Flash]","Mark Waid, Mike Wieringo","Young Justice, Teen Titans, Legion of Super-Heroes, White Lantern Corps","Impulse, Kid Flash, Flash",Central City,Super Speed and related Speed Force powers,"Fighting Experience, Problem Solving Skills",
Indigo,https://static.wikia.nocookie.net/superheroes/images/b/bb/Indigo.jpg/revision/latest/scale-to-width-down/350?cb=20181215144935,,,,,,,,,
Invisible Woman,https://static.wikia.nocookie.net/superheroes/images/a/af/Invisible_Woman.jpg/revision/latest/scale-to-width-down/200?cb=20230710044040,,"The Fantastic Four (Vol. 1) #1 (November, 1961)","Stan Lee, Jack Kirby",,"Invisible Girl, Captain Universe, Susan Benjamin, Malice, Mistress of Hate, Baroness Von Doom, Tabitha Deneuve",New York City,"Invisibility, Invisible force field projection","Fighting Experience, Hand-to-hand combat training",
Iron Fist,https://static.wikia.nocookie.net/superheroes/images/c/c3/Iron_Fist.png/revision/latest/scale-to-width-down/180?cb=20160619135244,"Daniel ""Danny"" Thomas Rand","Marvel Premiere #15 (May, 1974)","Roy Thomas, Gil Kane",,"Daredevil, The Living Weapon, Young Dragon, Daniel Rand-Kai",New York City,"The Iron Fist, a concentration of his chi in his fist, Greatly enhanced physical attributes, Healing powers, Telepathic mind fusion",Master Martial Artist,
Jessica Jones,https://static.wikia.nocookie.net/superheroes/images/3/3b/Jessica_Jones.jpg/revision/latest/scale-to-width-down/256?cb=20170613175306,,,,,,,,,
John Constantine,https://static.wikia.nocookie.net/superheroes/images/3/31/John_Constantine.jpg/revision/latest/scale-to-width-down/250?cb=20200103142235,,"Swamp Thing (vol 2) #25 (June, 1984)","Alan Moore, Steve Bissette, Rick Veitch,
John Totleben","Justice League Dark, The Trenchcoat Brigade, Mucus Membrane, Legends [in television series ""Legends of Tomorrow""]",Hellblazer,"Paddington, London, England (often mobile)","Demon-tainted blood, various magical abilities","Master of Occult and Arcane Knowledge, Skilled Magician, Expert Tactician and Trickster",
Joker,https://static.wikia.nocookie.net/superheroes/images/3/39/Joker.jpeg/revision/latest/scale-to-width-down/250?cb=20141208034831,,"Batman (Vol. 1) #1 (April 25, 1940)","Jerry Robinson, Bill Finger, Bob Kane",,"The Red Hood, The Clown Prince of Crime",Gotham City,,"Genius-level intelligence, Expert chemist and engineer, Skilled in hand-to-hand combat","Knives, Guns, Razor Sharp Playing Cards, Explosive Toys, Presents, Bazooka, Various Custom Explosives, Acid Flower, Joy Buzzer, Joker Gas, Joker Venom"
Jolt,https://static.wikia.nocookie.net/superheroes/images/b/b7/Jolt.jpg/revision/latest/scale-to-width-down/250?cb=20240325050503,,"Thunderbolts #1 (February, 1997)","Kurt Busiek, Mark Bagley","Thunderbolts, Young Allies",Holly Tsuruta,Mobile,"Superhuman agility, Superhuman speed, Hyperkinetic punches, Electrical blasts, Electrical energy form",Fighting Experience,
Jubilee,https://static.wikia.nocookie.net/superheroes/images/6/6f/Jubilee.jpg/revision/latest/scale-to-width-down/250?cb=20230913235629,,"Uncanny X-Men vol. 1 #244 (May, 1989)","Chris Claremont, Marc Silvestri",,,Utopia,"Pyrokinetic Energy Projection of ""plasmoids""(formerly), concussive blasts, immune to telepathic detection",Fighting Experience,
Juggernaut,https://static.wikia.nocookie.net/superheroes/images/7/72/Juggernaut.gif/revision/latest?cb=20170518180851,,"The X-Men (Vol. 1) #12 (July, 1965)","Stan Lee, Jack Kirby","Brotherhood of Mutants, New Excalibur, Lethal Legion","Captain Universe, Kuurth: Breaker of Stone",Mobile,"Superhuman strength, stamina, and durability, Invulnerability via mystical force field, Virtually unstoppable momentum",Fighting Experience,
Karate Kid,https://static.wikia.nocookie.net/superheroes/images/d/d5/Karate_Kid.jpg/revision/latest/scale-to-width-down/250?cb=20230906181701,,Adventure Comics #346 (July 1966),Jim Shooter,Legion of Super-Heroes,,Legion Clubhouse,"Able to sense the weakest spot in an object, and resistance to mind control","Master of every martial art up to the 31st century across the galaxy, Peak of human physical condition",
Killer Croc,https://static.wikia.nocookie.net/superheroes/images/d/d3/Killer_Croc.jpg/revision/latest/scale-to-width-down/250?cb=20140808192434,,"Batman (Vol. 1) #358 (April, 1983)","Gerry Conway, Gene Colan, Don Newton, Curt Swan",,"Croc, King Croc",Gotham City,"Superhuman strength, speed, agility, reflexes, stamina, durability, and senses, hard scale-like skin, razor sharp claws and teeth, Regenerative Healing Factor, Immunity to Toxins","Expert swimmer, Expert Marksman, Experienced alligator wrestler",
Kilowog,https://static.wikia.nocookie.net/superheroes/images/a/ae/Kilowog.jpg/revision/latest/scale-to-width-down/310?cb=20140710161740,,,,,,,,,
Kraven the Hunter,https://static.wikia.nocookie.net/superheroes/images/6/61/Kraven_the_Hunter.jpg/revision/latest/scale-to-width-down/292?cb=20191015131619,,,,,,,,,
Leech,https://static.wikia.nocookie.net/superheroes/images/e/ee/Leech.jpg/revision/latest?cb=20180704113504,,"Masters of the Universe mini-comic,  ""Leech: The Master of Power Suction Unleashed!""",Information needed,The Evil Horde,,"The Fright Zone, Etheria","Super Strength, Energy Draining powers",Fighting Experience,
Leonardo,https://static.wikia.nocookie.net/superheroes/images/0/0b/Leonardo.jpg/revision/latest/scale-to-width-down/300?cb=20140929025349,,,,,,,,,
Lex Luthor,https://static.wikia.nocookie.net/superheroes/images/a/a7/Lex_Luthor.png/revision/latest?cb=20181023142255,,"Action Comics #23 (April, 1940)","Jerry Siegel, Joe Shuster","Injustice League, Injustice Gang, Legion of Doom, Justice League, Secret Six, Intergang, Secret Society, LexCorp","Mockingbird, Apex Lex, Superman, God of Apokolips, Albie",Metropolis,,"Genius Level Egineer, Scientist and Strategist",
Lightning Lad,https://static.wikia.nocookie.net/superheroes/images/7/78/Lightning_Lad.jpg/revision/latest/scale-to-width-down/250?cb=20230428024200,,"Adventure Comics #247 (April, 1958)","Otto Binder, Al Plastino",Legion of Super-Heroes,Livewire,Legion Clubhouse,Electrokinesis,Fighting Experience,
Liz Sherman,https://static.wikia.nocookie.net/superheroes/images/5/56/Liz_Sherman.jpg/revision/latest/scale-to-width-down/250?cb=20150911154425,,"Hellboy: Seed of Destruction #1 (May, 1994)",Mike Mignola,B.P.R.D.,,B.P.R.D. headquarters,Pyrokinesis,Professional paranormal investigator,
Lizard,https://static.wikia.nocookie.net/superheroes/images/2/29/Lizard.jpg/revision/latest?cb=20191113134125,,,,,,,,,
Lobo,https://static.wikia.nocookie.net/superheroes/images/7/71/Lobo.png/revision/latest?cb=20170109010701,,"Omega Men (Vol. 1) #3 (June, 1983)","Roger Slifer, Keith Giffen","L.E.G.I.O.N., Young Justice, Church of the Triple-Fish God, R.E.B.E.L.S., Suicide Squad, Justice League of America","The Main Man, The 'Bo, Master Frag, The Last Czarnian, Mister Machete, Scourge o' the Cosmos, The Ultimate Bastich, Machete Man, El Cazadores",Mobile,"Superhuman senses, strength, speed, stamina and varying durability, Healing factor, Immortality, cloning","Extremely talented killer, genius intellect",
Lyja,https://static.wikia.nocookie.net/superheroes/images/4/4c/Lyja.jpg/revision/latest/scale-to-width-down/200?cb=20230719033221,,"Fantastic Four #265 (May, 1984)","John Byrne, Tom DeFalco, Paul Ryan","Fantastic Four, Future Foundation","Lazerfist, Alicia Masters","Mobile, formerly the Baxter Building","Shapeshifting, energy blasts","trained in hand-to-hand combat, expert spy",
MODOK,https://static.wikia.nocookie.net/superheroes/images/f/fe/MODOK.jpg/revision/latest/scale-to-width-down/250?cb=20180603141419,,"Tales of Suspense #93 (September, 1967) [cameo], Tales of Suspense #94 (October, 1967) ([ull appearance]","Stan Lee, Jack Kirby","AIM, The Headmen, The Intelligencia","MODOC (Mobile Organism Designed Only for Computing), MODOK Superior",Mobile,"Psionic powers, Exceptional ability to calculate probabilities, Superhuman intellect",Super Intelligent,
Magneto,https://static.wikia.nocookie.net/superheroes/images/d/d9/Magneto.jpg/revision/latest/scale-to-width-down/250?cb=20230904162248,,"X-Men (Vol. 1) #1 (July, 1963)","Stan Lee, Jack Kirby","X-Men, Acolytes, Brotherhood of Evil Mutants. Hellfire Club","Erik Lensher, White King",Krakoa,"Magnetic energy manipulation, flight",Fighting experience,
Man-Thing,https://static.wikia.nocookie.net/superheroes/images/9/9d/Man-Thing.jpg/revision/latest/scale-to-width-down/250?cb=20130322041017,,"Savage Tales #1 (May, 1971)","Stan Lee, Roy Thomas, Gerry Conway, Gray Morrow","Thunderbolts, Daydreamers, Legion of Monsters","The Guardian of the Nexus of All Realities, Vorgornus Koth",The Nexus of All Realities (in the Everglades),"Empathic Senses (and is, in a way, an Empathic Mirror), Can Secrete Corrosive Agent, Can Secrete Anti-Corrosive Agent, Super-Strength, Super-Durability, Can Travel Through the Nexus of All Realities, Made Entirely of Plant Matter, Can Regrow Himself From a Piece of Himself",Can Speak 'the Universal Language',
Mandarin,https://static.wikia.nocookie.net/superheroes/images/6/68/Mandarin.jpg/revision/latest/scale-to-width-down/250?cb=20171005174419,,"Tales of Suspense #50 (February, 1964)","Stan Lee, Don Heck","Mandarin's Minions, Hand, Tong","Gene Khan, Zhang Tong, Tem Borjigin",Mandarin City,"Various powers provided by special rings, Access of Chi",Martial Arts and Chi Mastery,
Mantis,https://static.wikia.nocookie.net/superheroes/images/7/74/Mantis.jpg/revision/latest/scale-to-width-down/250?cb=20240401000122,,"Avengers #112 (March, 1973)",,"Avengers, Guardians of the Galaxy",Celestial Madonna,Mobile,"Telepathy, Empathy, Chlorokinesis, Enhanced strength, speed, agility, reflexes, Healing Factor",,
Martian Manhunter,https://static.wikia.nocookie.net/superheroes/images/9/9d/Martian_Manhunter.jpg/revision/latest/scale-to-width-down/250?cb=20240220180242,,"Detective Comics (vol. 1) #225 (November, 1955)","Joseph Samachson, Joe Certa",,"John Jones, The Manhunter from Mars, Bloodwynd, The Last Son of Mars","Several, Often from Wherever the Justice League Headquarters are","Super-Strength, Super-Speed, Agility, Reflexes, Heightened Senses, Shapeshifting, Invulnerability, Invisibility, Telekinesis, Longevity, Intangibility, Super Hearing, Flight, Telepathy, Intelligence, Elongation, Healing Factor, Stamina, Heat generation through Martian vision.","Expert hand-to-hand combatant, Skilled detective",
Medusa,https://static.wikia.nocookie.net/superheroes/images/e/eb/Medusa.jpg/revision/latest/scale-to-width-down/250?cb=20240320155839,,"Fantastic Four (vol. 1) #36 (March, 1965)","Stan Lee, Jack Kirby",,,Attilan,"Strong Prehensile Hair, Superhuman strength, speed, stamina, durability, agility, and reflexes (common among the Inhumans)","Leadership Experience, Great Understanding of Black Bolt's Non-Verbal Communication",
Mera,https://static.wikia.nocookie.net/superheroes/images/c/c4/Mera.jpg/revision/latest?cb=20240220180353,,"Aquaman (Vol. 1) #11 (September, 1963)","Jack Miller, Nick Cardy",,,Atlantis,"Aquakinesis, Can increase density of water and then create any structure with it, Limited telepathy, Enhanced strength, Limited interdimensional travel to Dimension Aqua, Flight, Acidic blood",Fighting Experience,
Metamorpho,https://static.wikia.nocookie.net/superheroes/images/1/14/Metamorpho.jpg/revision/latest?cb=20240223164556,,"The Brave and the Bold #57 (January, 1965)","Bob Haney, Ramona Fradon","Outsiders, Justice League of America, Doom Patrol","Element Man, Dyna-Man",Mobile,"Elemental transformation, shapeshifting",Fighting experience,
Metron,https://static.wikia.nocookie.net/superheroes/images/1/13/Metron.jpg/revision/latest/scale-to-width-down/250?cb=20161230220259,,"New Gods vol. 1 #1 (February–March, 1971)",Jack Kirby,,,Mobile,"Immortality, Super intellect, Universal knowledge, Undefined god-like abilities",Super Intelligence,
Misfit,https://static.wikia.nocookie.net/superheroes/images/1/1e/Misfit.jpg/revision/latest?cb=20230417170202,,,Gail Simone,,"Batgirl, Huntress",Gotham City,"Superhuman strength, Teleportation, Healing factor",Fighting Experience,
Mister Freeze,https://static.wikia.nocookie.net/superheroes/images/4/42/Mister_Freeze.jpg/revision/latest/scale-to-width-down/250?cb=20170630114649,,"Batman (Vol. 1) #121 (February, 1959)","Dave Wood, Sheldon Moldoff","Injustice League, Secret Society of Super Villains, GothCorp",Mr. Zero,Gotham City,Sub-zero physiology,"Superhuman Intelligence, Fighting Experience",
Mister Mxyzptlk,https://static.wikia.nocookie.net/superheroes/images/9/95/Mister_Mxyzptlk.jpg/revision/latest/scale-to-width-down/250?cb=20170428003039,,Superman #30 (Sept. 1944),"Jerry Siegel, Joe Shuster",,"Master Mxyzptlk, Ben DeRoy, Clark Kent, countless others",The 5th Dimension,"Reality manipulation, Not bound by third dimensional laws, Can alter 3-D laws in a manner that resembles magic, Ability to break the 4th wall along with retconning abilities",Extremely Clever,
Mockingbird,https://static.wikia.nocookie.net/superheroes/images/5/59/Mockingbird.jpg/revision/latest/scale-to-width-down/300?cb=20240220041855,,"Astonishing Tales #6 (June, 1971) [cameo as Dr. Barbara Morse], Astonishing Tales #12 (June, 1972) [first full appearance], Marvel Super Action #1 (January, 1976) [as Huntress], Marvel Team-Up (Vol. 1) #95 (July, 1980) [as Mockingbird]","Len Wein, Neal Adams","S.H.I.E.L.D., Avengers, West Coast Avengers, Great Lakes Avengers, Night Shift, Legion of the Unliving, New Avengers, World Counter-terrorism Agency, Secret Avengers, Parker Industries, G.I.R.L, A.I.M (Advanced Idea Mechanics), Underground","Barbara Morse-Barton, Roberta Morse, Agent 19, the Huntress",New York City,"Enhanced strength and agility, Healing and halted aging","Proficient in armed hand to hand combatant, espionage, gymnastics, and martial arts, Expert marksman and mastery of various other weapons, especially her trademark two battle staves",
Moon Knight,https://static.wikia.nocookie.net/superheroes/images/4/4c/Moon_Knight.jpg/revision/latest/scale-to-width-down/250?cb=20170905174808,,"Werewolf by Night #32 (August, 1975)","Doug Moench, Don Perlin","Secret Avengers, Avengers, West Coast Avengers, Defenders, Marvel Knights, Heroes for Hire, United States Marine Corps","Steven Grant, Jake Lockley, The Fist of Khonshu, Yitzak Topol, Mr. Knight",New York City,"Increased strength, endurance, and agility depending on the lunar cycle","Expert detective, Proficient in martial arts and armed combat",
Moonstone,https://static.wikia.nocookie.net/superheroes/images/b/bc/Moonstone.jpg/revision/latest/scale-to-width-down/250?cb=20240325031052,,"Captain America (Vol. 1) #192 (December, 1975) [Karla Sofen], Incredible Hulk (vol. 1) #228 (October, 1978) [as Moonstone], Incredible Hulk (vol. 1) #449 (January, 1997) [as Meteorite], Dark Avengers #1 (March, 2009) [as Ms. Marvel]","Marv Wolfman, Frank Robbins","Dark Avengers, Thunderbolts, Masters of Evil, The Corporation","Meteorite, Ms. Marvel, Captain Marvel",Currently unknown,"Superhuman strength, speed, stamina and reflexes, Gravity manipulation, Flight, Photon blasts, Intangibility, Light generation, Minor molecular control","Expert Psychologist, Expert Hypnotist, Experienced fighter",
Multiple Man,https://static.wikia.nocookie.net/superheroes/images/0/08/Multiple_Man.jpg/revision/latest/scale-to-width-down/250?cb=20140121050306,,"Giant Size Fantastic Four #4, (February 1975)","Len Wein, Chris Claremont, John Buscema",,"Madrox the Multiple Man, Multiple, Reverend John Maddox","New York, USA","Self-Duplication, Can Absorb Living Duplicates","Due to his ability, he has absorbed many skills that his duplicates have acquired after absorbing them",
Mysterio,https://static.wikia.nocookie.net/superheroes/images/2/2a/Mysterio.jpg/revision/latest/scale-to-width-down/250?cb=20180325124110,,"The Amazing Spider-Man (Vol. 1) #13 (June, 1964)","Stan Lee, Steve Ditko","Maggia, Sinister Six",Dr. Ludwig Rinehart,New York City,,"Expert in illusion, special effects, robotics, chemistry, hypnosis",
Namora,https://static.wikia.nocookie.net/superheroes/images/f/fb/Namora.jpg/revision/latest/scale-to-width-down/250?cb=20140620192934,,Marvel Mystery Comics #47 (May 1947),,,,Atlantis,"Hydrokinesis, Super strength, limited invulnerability, swim at superhuman speeds, ability to breathe both water and air, slowed aging process, and wings-like appendages on her ankles that allow her to fly.",Fighting Experience,
Namorita,https://static.wikia.nocookie.net/superheroes/images/5/5b/Namorita.jpg/revision/latest/scale-to-width-down/250?cb=20240401032536,,"Sub-Mariner #50 (June, 1972)",Bill Everett,,,Atlantis,"Aquatic adaptation, Super strength, high speed swimming, atmospheric flight
Touch can create burning acid or paralytic toxin, Can become transparent",Fighting Experience,
Nathan Petrelli,https://static.wikia.nocookie.net/superheroes/images/f/fa/Nathan_Petrelli.jpg/revision/latest/scale-to-width-down/180?cb=20170714212921,,,,,,,,,
Nightcrawler,https://static.wikia.nocookie.net/superheroes/images/9/93/Nightcrawler.jpg/revision/latest?cb=20230904172538,,"Giant-Size X-Men #1 (May, 1975)","Len Wein, Dave Cockrum",,"Fuzzy Blue Elf, Kurt Szardos","Salem Center, New York","Teleportation, Super-Agility, Ability to Stick to Walls, Prehensile Tale, Ability to Blend into Shadows, Night Vision",,Occasionally fights with a fencing foil
Nightwing,https://static.wikia.nocookie.net/superheroes/images/8/89/Nightwing.jpg/revision/latest/scale-to-width-down/250?cb=20230413171534,,"Detective Comics (Vol. 1) #38 (April 1940) [as Robin], Tales of the Teen Titans #44 (July, 1984) [as Nightwing], Batman: Battle for the Cowl #3 (July, 2009) [as Batman]","Bob Kane, Bill Finger, Jerry Robinson","Batman Family, Teen Titans, Young Justice, Outsiders, Justice League, Batman Inc., Spyral, Super Friends (animation only)","Robin, Nightwing, Batman, The Target, Renegade, Agent 37[2] Robbie Malone, Freddy Loyd, Chester Honeywell, Freddie Dinardo","Gotham City, previously New York City and Blüdhaven",,"Peak human level athlete, Master martial artist, acrobat, detective, tactician, and field commander","Escrima Sticks, various spy and detective tools"
Northstar,https://static.wikia.nocookie.net/superheroes/images/7/7f/Northstar.jpg/revision/latest?cb=20230904171847,,"Uncanny X-Men #120 (April, 1979)","Chris Claremont, John Byrne",,Jean-Paul Martin,currently unknown,"Superhuman speed and durability, Flight, Light manipulation",Fighting Experience,
Nova,https://static.wikia.nocookie.net/superheroes/images/c/c3/Nova.jpg/revision/latest/scale-to-width-down/250?cb=20240401194657,,"Marvel Point One #1 (November, 2011)","Jeph Loeb, Ed McGuinness","Nova Corps, New Warriors, New Avengers, Avengers, S.H.I.E.L.D., Champions","Alexander-the-not-so-great, Black Nova, Bilbo, Bucket Head, Darth Nova, Human Rocket, Kid Nova, Nova-Sam, Samuel Alejandro, Xandarian Pawn","Carefree, Arizona","Superhuman strength and durability, Flight, Energy projection, Universal translation, Ability to survive in space",Experienced fighter,
Ozymandias,https://static.wikia.nocookie.net/superheroes/images/5/5b/Ozymandias.jpg/revision/latest/scale-to-width-down/250?cb=20170210020030,,"Watchmen #1 (September, 1986)","Alan Moore,Dave Gibbons",Crimebusters (briefly),The Smartest Man in the World,New York City,,"Super Intelligence, Peak Level Athlete (Strength, Speed, Reflexes), Skilled in a Large Number of Sciences and Disciplines, Master Strategist",
Phantom,https://static.wikia.nocookie.net/superheroes/images/f/f8/Phantom.jpg/revision/latest/scale-to-width-down/180?cb=20170421002505,,,,,,,,,
Plastic Man,https://static.wikia.nocookie.net/superheroes/images/d/d6/Plastic_Man.jpg/revision/latest/scale-to-width-down/250?cb=20180130013032,,"Police Comics #1 (August, 1941)",,"Justice League, FBI, Freedom Fighters, NBI, All-Star Squadron, Elastic Four, Secret Six, Terrifics, Justice League of Anarchy","Plastic Man, ""Eel"" O'Brian","Mammoth City, USA","Elasticity, Plasticity, Malleability, Resilience, Durability, Agility, Regeneration, Immunity to Telepathy, Invulnerability, Immortality","Sneaky, Creative",
Polaris,https://static.wikia.nocookie.net/superheroes/images/5/59/Polaris.jpg/revision/latest/scale-to-width-down/150?cb=20230801032312,,"X-Men (Vol. 1) #49 (August, 1968)","Arnold Drake, Don Heck",,"Magnetrix, Malice, Pestilence",Krakoa,"Magnetic field manipulation, flight",,
Power Girl,https://static.wikia.nocookie.net/superheroes/images/f/f2/Power_Girl.jpg/revision/latest/scale-to-width-down/180?cb=20230411032120,,"All-Star Comics #58 (February, 1976)","Gerry Conway, Ric Estrada",,"Nightwing, Karen Starr, Paige Stetler, Supergirl",Mobile,"Superhuman strength, speed & stamina, various extra sensory and vision powers, invulnerability, and flight",Skilled Martial Artist,
Professor X,https://static.wikia.nocookie.net/superheroes/images/4/4a/Professor_X.jpg/revision/latest/scale-to-width-down/200?cb=20240311171247,,"X-Men (Vol. 1) #1 (September, 1963)","Stan Lee, Jack Kirby","X-Men, Illuminati, Genoshan Excalibur, Cadre K, Brotherhood of Mutants, Shi'ar Imperium, Starjammers, The Twelve, Defenders","Onslaught, Consort-Royal, Founder, X, Warlord, Entity","Salem Center, New York","Telepathy, Psychic Empathy, Mind-reading and control, Memory alteration and erasure, Mental bolts, Psionic blasts, Induced paralysis, Illusion casting, Astral projection, Eidetic memory","Genius-Level Intellect, Skilled Strategist and Teacher,","Cerebro, Wheelchair (in some cases, a high tech chair), The Danger Room"
Psylocke,https://static.wikia.nocookie.net/superheroes/images/8/85/Psylocke.jpg/revision/latest/scale-to-width-down/180?cb=20230914215157,,"Captain Britain (vol. 1) #8 (December, 1976)","Chris Claremont, Herb Trimpe","X-Men, Captain Britain Corps, Excalibur, Exiles, The Hand, X-Force","Psylocke, Lady Briton, Lady Mandarin",Krakoa,"Telekinesis, Telepathy, Precognition, Ability to construct weapons made of psychic energy, usually in the form of a blade",Expert martial artist,
Pyro,https://static.wikia.nocookie.net/superheroes/images/4/49/Pyro.jpg/revision/latest/scale-to-width-down/250?cb=20190123174742,,"X-Men (Vol. 1) #141 (January, 1981)","Chris Claremont, John Byrne","Brotherhood of Evil Mutants, Freedom Force",,Mobile,"Fire Control, Fire Invulnerability",Fighting Experience,
Quantum,https://static.wikia.nocookie.net/superheroes/images/0/05/Quantum.jpg/revision/latest/scale-to-width-down/262?cb=20150523132046,,,,,,,,,
Quicksilver,https://static.wikia.nocookie.net/superheroes/images/b/ba/Quicksilver.jpg/revision/latest/scale-to-width-down/250?cb=20240225051024,,"The X-Men (Vol. 1) #4 (March, 1964)","Stan Lee, Jack Kirby","Avengers, Inhumans, X-Factor, Brotherhood of Evil Mutants","Pietro Frank, Mateo Maximoff, Peter Maximoff",New York City,Super Speed,Fighting Experience,
Ra's Al Ghul,https://static.wikia.nocookie.net/superheroes/images/5/56/Ra%27s_Al_Ghul.png/revision/latest?cb=20160608140330,,"Batman (Vol. 1) #232 (June, 1971)","Julius Schwartz, Dennis O'Neil, Neal Adams","The Demon, League of Assassins, Underground Society","Ra's, The Demon's Head",Mobile,Longevity,"Criminal mastermind, Skilled martial artist and hand-to-hand combatant, Skilled alchemist, demonologist, and swordsman",
Raphael,https://static.wikia.nocookie.net/superheroes/images/6/6c/Raphael.jpg/revision/latest/scale-to-width-down/250?cb=20140707232819,,"Teenage Mutant Ninja Turtles #1 (May, 1984)","Kevin Eastman, Peter Laird",,"The Shredder, Nightwatcher",New York City,Half-Human/Half-Turtle Creature,"Highly skilled in ninjutsu, Olympic-level agility, speed, and strength, Mastery of kobudo, Master of stealth, Chi Gong, Master of twin offensive/defensive sai",Twin offensive/defensive sai
Ray,https://static.wikia.nocookie.net/superheroes/images/d/d0/Ray.jpg/revision/latest/scale-to-width-down/250?cb=20240221184352,,"The Ray #1 (February, 1992)","Jack C. Harris, Joe Quesada","Freedom Fighters, Justice League of America, Justice League Task Force, Young Justice, JSA Reserves, Forgotten Heroes, Justice League International",,"Philadelphia, Pennsylvania","Flight, Light Manipulation, Light Absorption, Light Projection","Programming, Fighting Experience",
Red Hood,https://static.wikia.nocookie.net/superheroes/images/5/59/Red_Hood.jpg/revision/latest/scale-to-width-down/180?cb=20140708202020,,,,,,,,,
Red Hulk,https://static.wikia.nocookie.net/superheroes/images/c/c8/Red_Hulk.png/revision/latest/scale-to-width-down/372?cb=20181226204728,,,,,,,,,
Red Mist,https://static.wikia.nocookie.net/superheroes/images/a/a1/Red_Mist.jpg/revision/latest/scale-to-width-down/250?cb=20190726165558,,"Kick-Ass (Vol. 1) #4 (October, 2008)","Mark Millar, John Romita Jr.","Genovese Crime Family, The Toxic Mega Cunts",The Motherfucker,New York City,,Competant Novice Fighter,
Red Robin,https://static.wikia.nocookie.net/superheroes/images/a/a0/Red_Robin.jpg/revision/latest/scale-to-width-down/180?cb=20240105192223,,"Batman #436 (August, 1989)","Marv Wolfman, Pat Broderick",,"Robin, Batman, Tim Wayne",Gotham City,,"Detective, Computer Hacker, Master martial artist,","Batarangs, Various Bat-Tools"
Rogue,https://static.wikia.nocookie.net/superheroes/images/f/f6/Rogue.jpg/revision/latest/scale-to-width-down/250?cb=20230904160419,,"Avengers Annual #10 (October, 1981)","Chris Claremont, Michael Golden","X-Men, Excalibur, Avengers, Brotherhood of Evil Mutants",Anna Raven,Krakoa,"Bio-energy absorbing touch, Superhuman strength, Invulnerability, Flight",Fighting experience,
Rorschach,https://static.wikia.nocookie.net/superheroes/images/6/64/Rorschach.jpg/revision/latest/scale-to-width-down/250?cb=20120406201510,,"Watchmen #1 (September, 1986)","Alan Moore, Dave Gibbons",,,New York City,,"Hand-to-hand combat expertise, Detective Expertise",Uses Improvised Weapons
Sabretooth,https://static.wikia.nocookie.net/superheroes/images/e/e2/Sabretooth.jpg/revision/latest?cb=20140118050419,,"Iron Fist #14, (August 1977)","Chris Claremont, John Byrne",,"Slasher, El Tigre, Der Schlächter",Nomadic,"Accelerated Healing Factor, Resistance to Mental Control, Unusually Sharp Teeth, Retractable Claws, Longevity in Age, Superhuman Senses, Strength, Stamina, Agility, and Reflexes","Fighting Expertise, Killing Expertise",Will occasionally use guns and knives
Sage,https://static.wikia.nocookie.net/superheroes/images/7/70/Sage.jpg/revision/latest?cb=20240110172834,,,,,,,,,
Sandman,https://static.wikia.nocookie.net/superheroes/images/1/13/Sandman.jpeg/revision/latest/scale-to-width-down/180?cb=20160805114334,,,,,,,,,
Sauron,https://static.wikia.nocookie.net/superheroes/images/3/3a/Sauron.jpg/revision/latest/scale-to-width-down/250?cb=20140617185639,,"X-Men (Vol. 1) #59 (August, 1969) [as Karl Lykos], X-Men (Vol. 1) #60 (September, 1969) [as Sauron]","Roy Thomas, Neal Adams",,,The Savage Land,"Flight, Pterodactyl-Like Body (including wings), Life-Force Absorption, Mutant Power Absorption, Concussive Bursts, Superhuman Strength, Fire Breath, Hypnosis",Fighting Experience,
Savage Dragon,https://static.wikia.nocookie.net/superheroes/images/b/b1/Savage_Dragon.jpg/revision/latest/scale-to-width-down/180?cb=20140605160723,,,,,,,,,
Scarecrow,https://static.wikia.nocookie.net/superheroes/images/9/98/Scarecrow.jpg/revision/latest/scale-to-width-down/180?cb=20180505002721,,,,,,,,,
Sebastian Shaw,https://static.wikia.nocookie.net/superheroes/images/6/63/Sebastian_Shaw.jpg/revision/latest/scale-to-width-down/180?cb=20210905195204,,,,,,,,,
Sentry,https://static.wikia.nocookie.net/superheroes/images/4/4c/Sentry.jpg/revision/latest/scale-to-width-down/250?cb=20240320175403,,"The Sentry #1 (September, 2000)","Paul Jenkins, Jae Lee, Rick Veitch",,,New York City,"Superhuman strength, speed, stamina, agility, reflexes, senses, durability and Invulnerability, Energy projection and manipulation, Matter manipulation, Flight, Telepathy, Resurrection, Healing factor, Mental projection",Fighting Experience,
Shadow Lass,https://static.wikia.nocookie.net/superheroes/images/7/7e/Shadow_Lass.jpg/revision/latest/scale-to-width-down/200?cb=20230501175959,,"Adventure Comics #365 (February, 1968)","Jim Shooter, Kurt Swan","Legion of Super-Heroes,",Umbra,Legion Clubhouse,"Dark energy projection, Shadow manipulation, Night vision",Hand-to-hand combat,
Shadowcat,https://static.wikia.nocookie.net/superheroes/images/3/33/Shadowcat.jpg/revision/latest/scale-to-width-down/180?cb=20230802174025,,,,,,,,,
Shang-Chi,https://static.wikia.nocookie.net/superheroes/images/3/31/Shang-Chi.jpg/revision/latest/scale-to-width-down/180?cb=20140815190153,,,,,,,,,
Shatterstar,https://static.wikia.nocookie.net/superheroes/images/c/c5/Shatterstar.jpg/revision/latest/scale-to-width-down/200?cb=20230914191701,,"New Mutants #99 (January, 1991)","Rob Liefeld, Fabian Nicieza","X-Force, X-Factor",Star,Krakoa,"Enhanced strength, speed, and agility, Bio-energy conduction through metal, Empathically fuels teleportation",Fighting Experience,
She-Hulk,https://static.wikia.nocookie.net/superheroes/images/7/77/She-Hulk.jpg/revision/latest/scale-to-width-down/250?cb=20240320173924,,"Savage She-Hulk #1 (February, 1980) [as She-Hulk], Hulk (vol. 4) #6 (July, 2017) [as Hulk]","Stan Lee, John Buscema","Avengers; formerly Ancient Order of the Shield, A-Force, Mighty Avengers, Fantastic Four, Future Foundation, Incredible Hulks, Fantastic Force, Heroes for Hire, Fearsome Four, S.H.I.E.L.D., Goodman, Lieber, Kurtzberg & Holliway, Defenders, Hulkbusters, Lady Liberators, Freeman Bonding Inc., Brides of Set, Queen's Vengeance, Law Offices of Jennifer Walters, PLLC, Ryu, Barber, Zucker & Scott","Hulk, Glamazonia, Jennifer Jameson, Jennifer Smith, Jade Giantess, Nurse Jennifer Emerald, ""Shulkie"", She-Xemnu, Lady Hulk, Hulkette, Queen Green, Gamora, Jenny-Poo, Green Cheeks, Freakjob, Jenny/Miss Jenny, Savage She-Hulk, Gamma Gal/Glamma Gal, Earth-Sow, Green Jeans, Ghost-Girl",New York City,"Super Strength, Super Endurance, Transformation, Healing Factor","Skilled Fighter, Expert Attorney, Trained Pilot",
Sif,https://static.wikia.nocookie.net/superheroes/images/6/6b/Sif.jpg/revision/latest/scale-to-width-down/250?cb=20190912175009,,"Journey into Mystery #102 (March, 1964)","Stan Lee, Jack Kirby","The Gods of Asgard, War Avengers; formerly Lost Gods, League of Realms","The Stunning Sif, Sif the Unstoppable, Fair Sif, Fair One, Fairest of the Fair, Gentle Sif, Gentlest of the Gentle, the Dark-Haired Daughter of Asgard, Ericka Velez, Rose Chambers, Sybil, Tiffany, Tif",Asgard,"Superhuman strength, endurance, longevity, durability","Master of hand-to-hand combat, Skilled in cold weapons",
Silk,https://static.wikia.nocookie.net/superheroes/images/2/2d/Silk.jpg/revision/latest/scale-to-width-down/250?cb=20230830185929,,"Amazing Spider-Man (Vol. 3) #1 (April, 2014)","Dan Slott, Humberto Ramos","Web-Warriors, Order of the Web, Spider-Army","Spider-Woman, Silkworm","New York City, New York","Superhuman strength, superhuman agility, enhanced speed and reflexes, precognitive spider-sense, wall crawling, retractable fingertip claws, organic web spinning.","Tracking, skilled fighter",
Silver Surfer,https://static.wikia.nocookie.net/superheroes/images/9/92/Silver_Surfer.jpg/revision/latest/scale-to-width-down/250?cb=20240321184311,,"The Fantastic Four (Vol. 1) #48 (March, 1966)",Jack Kirby,,,None (Nomadic),"Endowed with the Power Cosmic, that allows, among other powers, faster than light speed, matter transmutation and flight","Fighting Experience, Great Intelligence and Wisdom",Board
Siryn,https://static.wikia.nocookie.net/superheroes/images/c/cd/Siryn.jpg/revision/latest/scale-to-width-down/250?cb=20230914020225,,"Spider-Woman #37 (December, 1980)","Chris Claremont, Steve Leialoha","x-Force, X-Men, X-Corp, X-Factor",Banshee,Krakoa,"Sonic scream, Hypnotic song, Flight",Fighting Experience,
Skaar,https://static.wikia.nocookie.net/superheroes/images/9/92/Skaar.jpg/revision/latest?cb=20200424001242,,,,,,,,,
Snowbird,https://static.wikia.nocookie.net/superheroes/images/f/f7/Snowbird.jpg/revision/latest?cb=20170703174550,,"Uncanny X-Men #120 (April, 1979)",John Byrne,"Alpha Flight, The Flight, Royal Canadian Mounted Police, God Squad","Anne McKenzie, Anne McKenzie-Thompson, Ice Queen","Ottawa, Ontario",Fighting Experience,,
Sobek,https://static.wikia.nocookie.net/superheroes/images/5/5c/Sobek.jpg/revision/latest?cb=20200109005847,,,,,,,,,
Songbird,https://static.wikia.nocookie.net/superheroes/images/8/86/Songbird.jpg/revision/latest?cb=20240325153649,,"Marvel Two-In-One #54 (May, 1979)","Mark Gruenwald, Ralph Macchio, John Byrne","Avengers, Thunderbolts",Screaming Mimi,New Jersey,"Sonic scream, Flight, Sonic energy constructs",Fighting Experience,
Space Ghost,https://static.wikia.nocookie.net/superheroes/images/4/49/Space_Ghost.jpg/revision/latest/scale-to-width-down/250?cb=20140111031255,,"Space Ghost, ""The Heat Thing"" (September 10, 1966)",,,,"Nomadic (original series), Ghost Planet (Coast to Coast)","Flight, Super strength, stamina, durability,  endurance and agility, Teleportation, Invisibility (from his belt), Energy Beam (from power bands)",Hosting Expertise (Coast to Coast),"Power Bands, Invisibility Belt"
Spawn,https://static.wikia.nocookie.net/superheroes/images/d/d3/Spawn.jpg/revision/latest/scale-to-width-down/250?cb=20130322040132,,"Albert Francis ""Al"" Simmons",,,"Hellspawn, The One",New York City,"Countless Demonic Powers (in main article, coming soon)","Skilled Martial Artist, Trained Soldier and Assassin",
Speedball,https://static.wikia.nocookie.net/superheroes/images/f/fd/Speedball.jpg/revision/latest/scale-to-width-down/250?cb=20240401032615,,"The Amazing Spider-Man Annual #22 (January, 1988) [As Speedball], Civil War: Front Line #10 (January, 2007) [as Penance]","Steve Ditko, Tom DeFalco",,"Penance, Masked Marvel",New York City,Force field generation,Fighting Experience,
Spider-Woman,https://static.wikia.nocookie.net/superheroes/images/6/63/Spider-Woman.jpg/revision/latest/scale-to-width-down/250?cb=20230418171908,,"Marvel Spotlight #32 (February, 1977)","Archie Goodwin, Marie Severin","Avengers, HYDRA, Lady Liberators, New Avengers, S.H.I.E.L.D., S.W.O.R.D., Secret Avengers","Arachne, Ariadne Hyde, Hunter",New York City,"Superhuman strength, speed, durabilty, reflexes, and senses, Flight, Pheromone manipulation, Bio-electric energy projection, Wallcrawling",Master spy,
Star-Lord,https://static.wikia.nocookie.net/superheroes/images/b/ba/Star-Lord.jpg/revision/latest/scale-to-width-down/250?cb=20240331220501,,Marvel Preview #4 (January 1976),"Steve Englehart, Steve Gan","Guardians of the Galaxy, Ravagers, United Front, Shi'ar Imperial Guard, Ship, Avengers",,Knowhere,"Enhanced durability, Enhanced reflexes, Increased longevity, Healing factor, Levitation, Light projection, Psychic awareness","Skilled marksman, skilled combatant",
Starfire,https://static.wikia.nocookie.net/superheroes/images/3/37/Starfire.jpg/revision/latest/scale-to-width-down/250?cb=20240220193345,,"DC Comics Presents #26 (October, 1980)","Marv Wolfman, George Pérez","Teen Titans, Titans, Justice League of America, Outsiders",,Mobile,"Super strength, Flight, Solar energy blast, Language absorption",Expert hand-to-hand combatant,
Static,https://static.wikia.nocookie.net/superheroes/images/a/a7/Static.jpg/revision/latest/scale-to-width-down/250?cb=20101108015840,,,,,,,Electrical control,,
Sunspot,https://static.wikia.nocookie.net/superheroes/images/b/b3/Sunspot.jpg/revision/latest?cb=20230822180144,,"Marvel Graphic Novel #4: The New Mutants (September, 1982)","Chris Claremont, Bob McLeod",,"Lord Imperial, Black Rook, Black King, 'Berto",New York City,"Superhuman strength, Flight, Solar absorption and rechanneling, Heat and light projection, Concussive blasts","Fighting Experience, Business acumen",
Supergirl,https://static.wikia.nocookie.net/superheroes/images/b/b0/Supergirl.jpg/revision/latest/scale-to-width-down/250?cb=20230724235302,,"Action Comics #252 (May, 1959)","Otto Binder, Curt Swan","The Legion of Super-Heroes, Teen Titans, Justice League of America","Flamebird, Linda Lee Danvers, Claire Connors, Kara Kent, Linda Lang",Metropolis,"Superhuman strength, speed & stamina, various extra sensory and vision powers, heat vision, x-ray vision, invulnerability, and flight",Skilled Martial Artist,
Superman,https://static.wikia.nocookie.net/superheroes/images/7/72/Superman.jpg/revision/latest/scale-to-width-down/250?cb=20230418165353,,"Action Comics (Vol. 1) #1
(published April 18, 1938,

cover-dated June 1938)","Jerry Siegel, Joe Shuster","Daily Planet (as Clark Kent), Galaxy Communications (as Clark Kent), Justice League of America, Legion of Super-Heroes, The Justice Society of America, The Black Lantern Corps.","Gangbuster, Jordan Elliot, Nightwing, Nova, Superboy, Doc Fission",Metropolis,"Superhuman strength, speed, agility, reflexes, hearing, longevity, Eternal Youth, stamina,  intelligence, Invulnerability, Heat Vision, Flight, Freezing breath, Super breath, Multiple extrasensory and vision powers not limited to but including X-ray vision, Healing factor","Award Winning Reporter and Writer, Master Hand-to-hand combatant, Master martial artist, Fighting Experience, Master Strategist, Robotics Expertise (pre-Crisis)",Phantom Zone Projector
Synch,https://static.wikia.nocookie.net/superheroes/images/6/64/Synch.jpg/revision/latest/scale-to-width-down/200?cb=20230913211321,,"X-Men (Vol. 2) #36 (September, 1994)","Scott Lobdell, Fabian Nicieza, Chris Bachalo","Generation X, X-Men",Synchbiote,Krakoa,"Bio-synchronicity field, power mimicry",Fighting Experience,
Thanos,https://static.wikia.nocookie.net/superheroes/images/0/06/Thanos.png/revision/latest?cb=20210813235902,,,,,,,,,
Thunderbird,https://static.wikia.nocookie.net/superheroes/images/4/4f/Thunderbird.jpg/revision/latest/scale-to-width-down/250?cb=20231020141651,,"Giant-Size X-Men #1 (May, 1975)","Len Wein, Dave Cockrum",,,"Salem Center, New York","Superhuman senses, strength, speed, stamina, and sturdiness",Trained unarmed/hand-to-hand combatant,
Thundra,https://static.wikia.nocookie.net/superheroes/images/c/cc/Thundra.webp/revision/latest/scale-to-width-down/180?cb=20230408165634,,,,,,,,,
Titan,https://static.wikia.nocookie.net/superheroes/images/d/db/Titan.jpg/revision/latest/scale-to-width-down/250?cb=20161020050735,,"Comics Greatest World: Golden City Week 2 (July, 1993)","Mike Richardson, Randy Stradley, Barbara Kesel, Jerry Prosser, Chris Warner",Alderwoman Faith Perdue,"Mr. Red, White, and Blue",Golden City,"flight, invulnerability, super-strength, super-speed, heightened endurance, imperviousness to pain, ability to return from the dead",Fighting Experience,
Toad,https://static.wikia.nocookie.net/superheroes/images/1/19/Toad.jpg/revision/latest/scale-to-width-down/350?cb=20191013232214,,,,,,,,,
Toxin,https://static.wikia.nocookie.net/superheroes/images/5/53/Toxin.jpg/revision/latest/scale-to-width-down/325?cb=20210409140540,,,,,,,,,
Ultron,https://static.wikia.nocookie.net/superheroes/images/b/b3/Ultron.jpg/revision/latest/scale-to-width-down/250?cb=20180215005714,,"The Avengers (Vol. 1) #54 (July, 1968) [non-named cameo], The Avengers (Vol. 1) #55 (August, 1968) [first named appearance]","Roy Thomas, John Buscema","Masters of Evil, Lethal Legion, Sons of Yinsen, Ultron Sentries, Iron Legion, Phalanx, Iron Avengers","Crimson Cowl, Ultron-5, Ultron-6, Ultron-7, Ultron-8, Ultron-9, Ultron-10, Ultron-11, Ultron-12, Ultron-13, Ultron-14, Ultron-15, Ultron-16, Ultron-17, Ultron-18, Ultimate Ultron, Ultron Pym, Ultron Prime, Hank Pym",,"Robot Physiology, Super Strength, Super Endurance",Super Intelligence,
Vibe,https://static.wikia.nocookie.net/superheroes/images/e/e3/Vibe.webp/revision/latest/scale-to-width-down/332?cb=20220501184435,,,,,,,,,
Violator,https://static.wikia.nocookie.net/superheroes/images/f/f6/Violator.jpeg/revision/latest/scale-to-width-down/250?cb=20200326153808,,"Spawn #2 (May, 1992)",Todd MacFarlane,,"The Clown, Demonic, Barney Saunders",Hell,"Superhuman strength and durability, Longevity, Shapeshifting, Telepathy, Demonic possession","Master Manipulator and Strategist, Possessor of Ancient Knowledge",
Vision,https://static.wikia.nocookie.net/superheroes/images/a/a7/Vision.jpg/revision/latest/scale-to-width-down/250?cb=20240226190207,,"The Avengers (Vol. 1) #57 (October, 1968)","Roy Thomas, Stan Lee, John Buscema","Avengers, West Coast Avengers, Avengers A.I., Defenders",,New York City,"Superhuman agility, intelligence, strength and speed, Flight, Density control, Intangibility, Shapeshifting, Mass manipulation, Regeneration, Solar energy projection, Technopathy, Robot Physiology",Skilled Fighter,
Vixen,https://static.wikia.nocookie.net/superheroes/images/6/63/Vixen.jpg/revision/latest?cb=20240220181549,,"Action Comics (Vol. 1) #521
(July, 1981)","Gerry Conway, Bob Oksner",,,Mobile,"Mimics the abilities of any animal that has ever lived on Earth, healing factor",Fighting Experience,Tantu Totem
Warlock,https://static.wikia.nocookie.net/superheroes/images/7/7b/Warlock.jpeg/revision/latest/scale-to-width-down/200?cb=20191224003459,,"New Mutants #18 (April, 1984)","Chris Claremont, Bill Sienkiewicz","New Mutants, X-Factor, Excalibur",Douglock,Krakoa,"Shapeshifting, Matter absorption, Energy absorption, Energy projection","Fighting Experience, Strong Will",
Warpath,https://static.wikia.nocookie.net/superheroes/images/3/34/Warpath.jpg/revision/latest/scale-to-width-down/250?cb=20160513153635,,New Mutants (Vol. 1) #16 (June 1984),"Chris Claremont, Sal Buscema",,"Thunderbird, Running Sun",Currently unknown,"Superhuman strength, senses, agility, reflexes/reactions, flexibility, speed, stamina, endurance, resilience and resistance to injury, Flight","Trained armed/unarmed combatant, Skilled hunter and tracker",
Wasp,https://static.wikia.nocookie.net/superheroes/images/2/2a/Wasp.jpg/revision/latest/scale-to-width-down/250?cb=20230901025211,,"Tales to Astonish (Vol. 1) #44 (March, 1963)","Stan Lee, Jack Kirby",Avengers,Giant-Woman,Avengers Mansion,"Size shifting, bio-electric stinger blasts, flight via insect-like wings",Skilled Fighter,
White Canary,https://static.wikia.nocookie.net/superheroes/images/4/41/White_Canary.jpg/revision/latest/scale-to-width-down/180?cb=20220906130035,,,,,,,,,
Wolfsbane,https://static.wikia.nocookie.net/superheroes/images/b/b9/Wolfsbane.jpg/revision/latest/scale-to-width-down/250?cb=20230904162852,,"Marvel Graphic Novel #4 (September, 1982)","Chris Claremont, Bob McLeod","X-Men, New Mutants, Excalibur, X-Factor",Mutate 490,Krakoa,"Lycanthropy, Enhanced senses, Claws",Fighting experience,
Wolverine,https://static.wikia.nocookie.net/superheroes/images/c/c6/Wolverine.jpg/revision/latest/scale-to-width-down/250?cb=20230904160714,,"The Incredible Hulk #180 (October, 1974) [cameo], The Incredible Hulk #181 (November, 1974) [in Full]","Roy Thomas, Len Wein, John Romita, Sr.",,"Logan (long thought to be real name), Patch, Captain Canada, Weapon X (Ten), Death, Mutate #9601, Emilio Garra, Weapon Chi, Experiment X, Agent Ten, Peter Richards, Mai' keth, Black Dragon, Captain Terror, John Logan, Jim Logan, Revolto the Clown","Salem Center, New York","Accelerated healing factor, Adamantium-laced skeletal structure, Six retractable adamantium claws (three claws on each hand), Pronounced canines, Superhuman senses, strength, agility, stamina, reflexes, and longevity","Master martial artist and tactician, Espionage Expertise, Expert Marksmanship, Expert Swordsmanship",
Wonder Girl,https://static.wikia.nocookie.net/superheroes/images/4/43/Wonder_Girl.jpg/revision/latest/scale-to-width-down/250?cb=20230418183606,,"Wonder Woman (vol. 2) #105 (January, 1996)",John Byrne,"Young Justice, Teen Titans, Justice League",Wonder Woman,Themyscira,"Superhuman strength, superhuman speed, flight, enhanced durability",Trained in battle by the Amazons of Themiscyra,
Wonder Man,https://static.wikia.nocookie.net/superheroes/images/d/d0/Wonder_Man.png/revision/latest/scale-to-width-down/180?cb=20160205034839,,,,,,,,,
X-23,https://static.wikia.nocookie.net/superheroes/images/8/8f/X-23.jpg/revision/latest?cb=20230822165729,,,,,,,,,
X-Man,https://static.wikia.nocookie.net/superheroes/images/6/63/X-Man.jpg/revision/latest/scale-to-width-down/250?cb=20231103004751,,"X-Man (Vol. 1) #1 (March, 1995)","Jeph Loeb, Steve Skroce","Brotherhood of Mutants, New Mutants, X-Men, Outcasts","19X, Shaman of the Mutant Tribe",Mobile,"Telepathy, Psychometry, Telekinesis, Astral Projection, Psionic Energy Form, Interdimensional Teleportation, Reality Warping.",Fighting Experience,
